customer_id,first_name,last_name,email,gender,age,city,state,region,signup_date
CUST_0001,Rudra,Sharma,rudra.sharma1@example.com,Male,36,Lucknow,Uttar Pradesh,North,2023-04-03
CUST_0002,Diya,Chatterjee,diya.chatterjee2@example.com,Female,55,Surat,Gujarat,West,2022-06-28
CUST_0003,Ajay,Verma,ajay.verma3@example.com,Male,26,Mumbai,Maharashtra,West,2023-03-24
CUST_0004,Kavita,Kapoor,kavita.kapoor4@example.com,Female,56,Mumbai,Maharashtra,West,2023-02-12
CUST_0005,Sameer,Patil,sameer.patil5@example.com,Male,49,Jaipur,Rajasthan,North,2023-07-24
CUST_0006,Aarav,Mishra,aarav.mishra6@example.com,Male,48,Noida,Uttar Pradesh,North,2023-11-28
CUST_0007,Sunita,Gupta,sunita.gupta7@example.com,Female,42,Gurugram,Haryana,North,2022-07-29
CUST_0008,Shaurya,Rao,shaurya.rao8@example.com,Male,43,Surat,Gujarat,West,2023-12-06
CUST_0009,Swati,Pandey,swati.pandey9@example.com,Female,50,Pune,Maharashtra,West,2022-09-13
CUST_0010,Karthik,Patel,karthik.patel10@example.com,Male,61,Bengaluru,Karnataka,South,2024-01-11
CUST_0011,Sara,Banerjee,sara.banerjee11@example.com,Female,23,Ahmedabad,Gujarat,West,2023-04-12
CUST_0012,Kusum,Patel,kusum.patel12@example.com,Female,27,Jaipur,Rajasthan,North,2024-02-18
CUST_0013,Sunita,Deshmukh,sunita.deshmukh13@example.com,Female,31,Chennai,Tamil Nadu,South,2024-01-29
CUST_0014,Deepak,Reddy,deepak.reddy14@example.com,Male,62,Lucknow,Uttar Pradesh,North,2022-05-27
CUST_0015,Ananya,Thakur,ananya.thakur15@example.com,Female,31,Jaipur,Rajasthan,North,2024-08-04
CUST_0016,Karthik,Yadav,karthik.yadav16@example.com,Male,41,Jaipur,Rajasthan,North,2022-04-25
CUST_0017,Kavita,Saxena,kavita.saxena17@example.com,Female,41,Pune,Maharashtra,West,2024-04-01
CUST_0018,Rashmi,Patel,rashmi.patel18@example.com,Female,57,Gurugram,Haryana,North,2023-10-07
CUST_0019,Neha,Saini,neha.saini19@example.com,Female,46,Bhubaneswar,Odisha,East,2024-07-28
CUST_0020,Saanvi,Yadav,saanvi.yadav20@example.com,Female,36,New Delhi,Delhi,North,2023-06-23
CUST_0021,Ajay,Menon,ajay.menon21@example.com,Male,44,Kochi,Kerala,South,2023-03-26
CUST_0022,Diya,Kapoor,diya.kapoor22@example.com,Female,26,Bhubaneswar,Odisha,East,2022-04-07
CUST_0023,Rudra,Gupta,rudra.gupta23@example.com,Male,48,Noida,Uttar Pradesh,North,2022-05-11
CUST_0024,Sandeep,Rao,sandeep.rao24@example.com,Male,54,Patna,Bihar,East,2023-05-30
CUST_0025,Vivaan,Das,vivaan.das25@example.com,Male,55,Surat,Gujarat,West,2023-07-01
CUST_0026,Rajesh,Singh,rajesh.singh26@example.com,Male,48,Bengaluru,Karnataka,South,2022-11-20
CUST_0027,Rakesh,Sharma,rakesh.sharma27@example.com,Male,53,Lucknow,Uttar Pradesh,North,2023-01-01
CUST_0028,Alok,Pillai,alok.pillai28@example.com,Male,61,Surat,Gujarat,West,2023-09-04
CUST_0029,Alok,Chauhan,alok.chauhan29@example.com,Male,30,Gurugram,Haryana,North,2024-02-05
CUST_0030,Aadhya,Thakur,aadhya.thakur30@example.com,Female,21,Guwahati,Assam,East,2023-10-26
CUST_0031,Meena,Sharma,meena.sharma31@example.com,Female,44,Surat,Gujarat,West,2023-09-22
CUST_0032,Sneha,Verma,sneha.verma32@example.com,Female,57,Jaipur,Rajasthan,North,2022-06-11
CUST_0033,Ishaan,Chatterjee,ishaan.chatterjee33@example.com,Male,25,Bhubaneswar,Odisha,East,2022-09-15
CUST_0034,Pooja,Das,pooja.das34@example.com,Female,56,Bhubaneswar,Odisha,East,2022-12-05
CUST_0035,Swati,Kapoor,swati.kapoor35@example.com,Female,34,Kolkata,West Bengal,East,2023-02-16
CUST_0036,Anita,Rao,anita.rao36@example.com,Female,49,Chennai,Tamil Nadu,South,2024-07-13
CUST_0037,Aryan,Mehta,aryan.mehta37@example.com,Male,25,Jaipur,Rajasthan,North,2023-11-24
CUST_0038,Aditya,Malhotra,aditya.malhotra38@example.com,Male,58,Jaipur,Rajasthan,North,2023-03-28
CUST_0039,Aarav,Patel,aarav.patel39@example.com,Male,35,Pune,Maharashtra,West,2022-05-19
CUST_0040,Arjun,Bose,arjun.bose40@example.com,Male,25,Hyderabad,Telangana,South,2023-05-03
CUST_0041,Sunita,Das,sunita.das41@example.com,Female,34,Bhubaneswar,Odisha,East,2022-09-28
CUST_0042,Mahesh,Mehta,mahesh.mehta42@example.com,Male,47,Bhubaneswar,Odisha,East,2023-01-25
CUST_0043,Atharva,Singh,atharva.singh43@example.com,Male,43,Kolkata,West Bengal,East,2024-05-17
CUST_0044,Kiran,Deshmukh,kiran.deshmukh44@example.com,Male,62,Pune,Maharashtra,West,2022-07-21
CUST_0045,Sai,Rao,sai.rao45@example.com,Male,27,Hyderabad,Telangana,South,2023-05-25
CUST_0046,Sara,Reddy,sara.reddy46@example.com,Female,29,Patna,Bihar,East,2024-05-14
CUST_0047,Myra,Yadav,myra.yadav47@example.com,Female,36,Patna,Bihar,East,2022-06-04
CUST_0048,Dinesh,Pandey,dinesh.pandey48@example.com,Male,24,Surat,Gujarat,West,2022-01-31
CUST_0049,Shaurya,Pillai,shaurya.pillai49@example.com,Male,31,Jaipur,Rajasthan,North,2024-04-12
CUST_0050,Meena,Bhat,meena.bhat50@example.com,Female,46,Gurugram,Haryana,North,2022-05-01
CUST_0051,Ananya,Rao,ananya.rao51@example.com,Female,45,Mumbai,Maharashtra,West,2023-06-28
CUST_0052,Rakesh,Nair,rakesh.nair52@example.com,Male,56,Kolkata,West Bengal,East,2024-09-23
CUST_0053,Aanya,Reddy,aanya.reddy53@example.com,Female,34,Bengaluru,Karnataka,South,2022-04-30
CUST_0054,Sameer,Verma,sameer.verma54@example.com,Male,24,Hyderabad,Telangana,South,2022-04-13
CUST_0055,Rajeev,Kapoor,rajeev.kapoor55@example.com,Male,31,Guwahati,Assam,East,2022-04-27
CUST_0056,Gaurav,Patel,gaurav.patel56@example.com,Male,25,Noida,Uttar Pradesh,North,2022-05-20
CUST_0057,Sneha,Rao,sneha.rao57@example.com,Female,57,Surat,Gujarat,West,2023-05-20
CUST_0058,Reyansh,Chauhan,reyansh.chauhan58@example.com,Male,47,Ahmedabad,Gujarat,West,2023-10-10
CUST_0059,Swati,Reddy,swati.reddy59@example.com,Female,36,Hyderabad,Telangana,South,2023-06-28
CUST_0060,Vikram,Gupta,vikram.gupta60@example.com,Male,50,Bengaluru,Karnataka,South,2023-10-10
CUST_0061,Krishna,Sharma,krishna.sharma61@example.com,Male,60,Patna,Bihar,East,2022-07-24
CUST_0062,Krishna,Thakur,krishna.thakur62@example.com,Male,53,Gurugram,Haryana,North,2023-06-28
CUST_0063,Pooja,Pillai,pooja.pillai63@example.com,Female,25,Chennai,Tamil Nadu,South,2023-05-16
CUST_0064,Ravi,Nair,ravi.nair64@example.com,Male,49,Noida,Uttar Pradesh,North,2023-09-12
CUST_0065,Pranav,Sharma,pranav.sharma65@example.com,Male,27,Bengaluru,Karnataka,South,2022-10-03
CUST_0066,Swati,Singh,swati.singh66@example.com,Female,56,Surat,Gujarat,West,2022-11-15
CUST_0067,Rashmi,Nair,rashmi.nair67@example.com,Female,42,Gurugram,Haryana,North,2023-02-21
CUST_0068,Swati,Kapoor,swati.kapoor68@example.com,Female,37,Bhubaneswar,Odisha,East,2022-04-15
CUST_0069,Shaurya,Saini,shaurya.saini69@example.com,Male,38,Kolkata,West Bengal,East,2022-04-01
CUST_0070,Aarav,Joshi,aarav.joshi70@example.com,Male,61,New Delhi,Delhi,North,2023-06-21
CUST_0071,Aadhya,Chatterjee,aadhya.chatterjee71@example.com,Female,56,Patna,Bihar,East,2024-05-25
CUST_0072,Vivaan,Singh,vivaan.singh72@example.com,Male,30,Ahmedabad,Gujarat,West,2022-03-15
CUST_0073,Ravi,Malhotra,ravi.malhotra73@example.com,Male,48,New Delhi,Delhi,North,2022-09-19
CUST_0074,Reyansh,Nair,reyansh.nair74@example.com,Male,23,Chennai,Tamil Nadu,South,2024-01-03
CUST_0075,Riya,Das,riya.das75@example.com,Female,27,Jaipur,Rajasthan,North,2023-12-26
CUST_0076,Kiran,Chauhan,kiran.chauhan76@example.com,Male,36,New Delhi,Delhi,North,2022-11-29
CUST_0077,Pari,Menon,pari.menon77@example.com,Female,22,Kolkata,West Bengal,East,2023-01-03
CUST_0078,Vijay,Pandey,vijay.pandey78@example.com,Male,36,Kolkata,West Bengal,East,2023-07-01
CUST_0079,Aadhya,Pandey,aadhya.pandey79@example.com,Female,45,Surat,Gujarat,West,2022-03-21
CUST_0080,Mahesh,Mehta,mahesh.mehta80@example.com,Male,50,Gurugram,Haryana,North,2023-12-18
CUST_0081,Anita,Saxena,anita.saxena81@example.com,Female,35,Jaipur,Rajasthan,North,2022-02-18
CUST_0082,Sara,Rao,sara.rao82@example.com,Female,38,Hyderabad,Telangana,South,2022-05-23
CUST_0083,Sunita,Iyer,sunita.iyer83@example.com,Female,46,Guwahati,Assam,East,2023-11-10
CUST_0084,Vihaan,Singh,vihaan.singh84@example.com,Male,32,Lucknow,Uttar Pradesh,North,2023-06-28
CUST_0085,Arjun,Singh,arjun.singh85@example.com,Male,43,Kolkata,West Bengal,East,2023-10-05
CUST_0086,Sunil,Chauhan,sunil.chauhan86@example.com,Male,28,Guwahati,Assam,East,2024-02-28
CUST_0087,Sara,Yadav,sara.yadav87@example.com,Female,48,Pune,Maharashtra,West,2022-01-04
CUST_0088,Nikhil,Pillai,nikhil.pillai88@example.com,Male,44,Gurugram,Haryana,North,2024-06-02
CUST_0089,Ayaan,Das,ayaan.das89@example.com,Male,60,Hyderabad,Telangana,South,2023-10-05
CUST_0090,Aryan,Chatterjee,aryan.chatterjee90@example.com,Male,53,Bengaluru,Karnataka,South,2023-09-26
CUST_0091,Kiran,Joshi,kiran.joshi91@example.com,Male,39,Kochi,Kerala,South,2022-09-18
CUST_0092,Sara,Patil,sara.patil92@example.com,Female,32,Kochi,Kerala,South,2023-09-09
CUST_0093,Mohan,Thakur,mohan.thakur93@example.com,Male,40,Mumbai,Maharashtra,West,2023-08-11
CUST_0094,Riya,Patil,riya.patil94@example.com,Female,50,Hyderabad,Telangana,South,2024-06-23
CUST_0095,Dinesh,Das,dinesh.das95@example.com,Male,53,Gurugram,Haryana,North,2024-08-27
CUST_0096,Ananya,Das,ananya.das96@example.com,Female,39,Ahmedabad,Gujarat,West,2023-11-18
CUST_0097,Shaurya,Saxena,shaurya.saxena97@example.com,Male,40,Jaipur,Rajasthan,North,2023-04-06
CUST_0098,Anika,Gupta,anika.gupta98@example.com,Female,23,Mumbai,Maharashtra,West,2023-05-17
CUST_0099,Mahesh,Chauhan,mahesh.chauhan99@example.com,Male,50,Ahmedabad,Gujarat,West,2024-04-28
CUST_0100,Sara,Banerjee,sara.banerjee100@example.com,Female,52,Kochi,Kerala,South,2024-03-29
CUST_0101,Divya,Gupta,divya.gupta101@example.com,Female,27,Mumbai,Maharashtra,West,2024-05-20
CUST_0102,Priya,Kumar,priya.kumar102@example.com,Female,50,Guwahati,Assam,East,2022-04-13
CUST_0103,Divya,Pillai,divya.pillai103@example.com,Female,50,Surat,Gujarat,West,2022-10-01
CUST_0104,Vikrant,Das,vikrant.das104@example.com,Male,56,Guwahati,Assam,East,2023-10-12
CUST_0105,Dinesh,Chauhan,dinesh.chauhan105@example.com,Male,48,Guwahati,Assam,East,2024-07-02
CUST_0106,Aadhya,Chatterjee,aadhya.chatterjee106@example.com,Female,49,Bhubaneswar,Odisha,East,2023-06-15
CUST_0107,Divya,Saxena,divya.saxena107@example.com,Female,54,Lucknow,Uttar Pradesh,North,2024-09-19
CUST_0108,Sneha,Yadav,sneha.yadav108@example.com,Female,25,Patna,Bihar,East,2023-08-09
CUST_0109,Sneha,Yadav,sneha.yadav109@example.com,Female,41,Hyderabad,Telangana,South,2022-06-15
CUST_0110,Diya,Gupta,diya.gupta110@example.com,Female,45,Jaipur,Rajasthan,North,2022-11-09
CUST_0111,Neha,Patel,neha.patel111@example.com,Female,47,Kolkata,West Bengal,East,2023-11-09
CUST_0112,Sameer,Deshmukh,sameer.deshmukh112@example.com,Male,24,Kolkata,West Bengal,East,2023-02-28
CUST_0113,Rajendra,Rao,rajendra.rao113@example.com,Male,57,Mumbai,Maharashtra,West,2024-02-19
CUST_0114,Rajeev,Sharma,rajeev.sharma114@example.com,Male,40,Chennai,Tamil Nadu,South,2024-03-09
CUST_0115,Rajendra,Thakur,rajendra.thakur115@example.com,Male,52,Jaipur,Rajasthan,North,2023-03-26
CUST_0116,Rashmi,Patil,rashmi.patil116@example.com,Female,22,Bhubaneswar,Odisha,East,2024-03-07
CUST_0117,Rajesh,Das,rajesh.das117@example.com,Male,31,Kochi,Kerala,South,2024-08-15
CUST_0118,Pooja,Chauhan,pooja.chauhan118@example.com,Female,46,Mumbai,Maharashtra,West,2022-02-25
CUST_0119,Ishaan,Saini,ishaan.saini119@example.com,Male,29,Kolkata,West Bengal,East,2024-08-03
CUST_0120,Myra,Verma,myra.verma120@example.com,Female,45,Lucknow,Uttar Pradesh,North,2023-11-02
CUST_0121,Neha,Deshmukh,neha.deshmukh121@example.com,Female,42,Hyderabad,Telangana,South,2024-02-16
CUST_0122,Sunita,Mishra,sunita.mishra122@example.com,Female,37,Kolkata,West Bengal,East,2022-06-17
CUST_0123,Mahesh,Sharma,mahesh.sharma123@example.com,Male,43,Pune,Maharashtra,West,2023-04-05
CUST_0124,Ayaan,Mishra,ayaan.mishra124@example.com,Male,22,Pune,Maharashtra,West,2023-05-22
CUST_0125,Anika,Saxena,anika.saxena125@example.com,Female,60,Mumbai,Maharashtra,West,2022-11-09
CUST_0126,Sneha,Gupta,sneha.gupta126@example.com,Female,28,Bhubaneswar,Odisha,East,2023-03-23
CUST_0127,Vikrant,Banerjee,vikrant.banerjee127@example.com,Male,44,Lucknow,Uttar Pradesh,North,2022-12-10
CUST_0128,Rudra,Mishra,rudra.mishra128@example.com,Male,40,Noida,Uttar Pradesh,North,2022-08-10
CUST_0129,Vihaan,Pillai,vihaan.pillai129@example.com,Male,57,Bengaluru,Karnataka,South,2024-02-08
CUST_0130,Vikram,Banerjee,vikram.banerjee130@example.com,Male,25,Gurugram,Haryana,North,2023-05-13
CUST_0131,Kabir,Banerjee,kabir.banerjee131@example.com,Male,59,Bengaluru,Karnataka,South,2022-09-05
CUST_0132,Reyansh,Iyer,reyansh.iyer132@example.com,Male,44,Kolkata,West Bengal,East,2022-05-22
CUST_0133,Alok,Saini,alok.saini133@example.com,Male,21,Hyderabad,Telangana,South,2024-05-10
CUST_0134,Meena,Singh,meena.singh134@example.com,Female,44,Kolkata,West Bengal,East,2024-07-30
CUST_0135,Aanya,Patil,aanya.patil135@example.com,Female,54,Noida,Uttar Pradesh,North,2023-07-08
CUST_0136,Rohit,Mishra,rohit.mishra136@example.com,Male,50,Bhubaneswar,Odisha,East,2024-06-11
CUST_0137,Rashmi,Joshi,rashmi.joshi137@example.com,Female,26,Jaipur,Rajasthan,North,2023-07-26
CUST_0138,Naveen,Mehta,naveen.mehta138@example.com,Male,57,Patna,Bihar,East,2024-02-16
CUST_0139,Rajesh,Sharma,rajesh.sharma139@example.com,Male,41,Bhubaneswar,Odisha,East,2023-01-08
CUST_0140,Meena,Reddy,meena.reddy140@example.com,Female,37,Chennai,Tamil Nadu,South,2023-11-29
CUST_0141,Sunita,Menon,sunita.menon141@example.com,Female,56,Lucknow,Uttar Pradesh,North,2022-01-21
CUST_0142,Nikhil,Reddy,nikhil.reddy142@example.com,Male,36,Ahmedabad,Gujarat,West,2024-04-12
CUST_0143,Meena,Thakur,meena.thakur143@example.com,Female,51,Jaipur,Rajasthan,North,2024-10-02
CUST_0144,Naveen,Pandey,naveen.pandey144@example.com,Male,26,Mumbai,Maharashtra,West,2023-08-26
CUST_0145,Priya,Rao,priya.rao145@example.com,Female,40,Jaipur,Rajasthan,North,2024-01-26
CUST_0146,Mahesh,Thakur,mahesh.thakur146@example.com,Male,43,Guwahati,Assam,East,2024-05-21
CUST_0147,Vijay,Iyer,vijay.iyer147@example.com,Male,38,Patna,Bihar,East,2023-09-20
CUST_0148,Meera,Mehta,meera.mehta148@example.com,Female,33,Surat,Gujarat,West,2023-10-09
CUST_0149,Aryan,Chatterjee,aryan.chatterjee149@example.com,Male,33,Noida,Uttar Pradesh,North,2023-03-20
CUST_0150,Rajeev,Yadav,rajeev.yadav150@example.com,Male,59,Guwahati,Assam,East,2023-08-03
CUST_0151,Atharva,Saxena,atharva.saxena151@example.com,Male,39,Gurugram,Haryana,North,2023-04-11
CUST_0152,Arun,Kumar,arun.kumar152@example.com,Male,21,Bengaluru,Karnataka,South,2022-09-17
CUST_0153,Sunita,Verma,sunita.verma153@example.com,Female,56,Pune,Maharashtra,West,2023-08-22
CUST_0154,Pooja,Saini,pooja.saini154@example.com,Female,27,Bhubaneswar,Odisha,East,2022-01-26
CUST_0155,Preeti,Bhat,preeti.bhat155@example.com,Female,49,Bhubaneswar,Odisha,East,2023-11-29
CUST_0156,Myra,Verma,myra.verma156@example.com,Female,51,Lucknow,Uttar Pradesh,North,2022-08-22
CUST_0157,Ayaan,Rao,ayaan.rao157@example.com,Male,25,Bhubaneswar,Odisha,East,2022-04-20
CUST_0158,Aanya,Gupta,aanya.gupta158@example.com,Female,26,Bengaluru,Karnataka,South,2023-05-24
CUST_0159,Aryan,Thakur,aryan.thakur159@example.com,Male,59,Kolkata,West Bengal,East,2023-04-08
CUST_0160,Nikhil,Rao,nikhil.rao160@example.com,Male,49,Patna,Bihar,East,2023-09-01
CUST_0161,Ajay,Nair,ajay.nair161@example.com,Male,60,Pune,Maharashtra,West,2022-07-23
CUST_0162,Riya,Saini,riya.saini162@example.com,Female,37,Gurugram,Haryana,North,2022-06-16
CUST_0163,Aadhya,Mehta,aadhya.mehta163@example.com,Female,56,Noida,Uttar Pradesh,North,2022-06-03
CUST_0164,Aadhya,Sharma,aadhya.sharma164@example.com,Female,49,Kolkata,West Bengal,East,2024-08-20
CUST_0165,Kusum,Verma,kusum.verma165@example.com,Female,39,Jaipur,Rajasthan,North,2023-08-03
CUST_0166,Rakesh,Patel,rakesh.patel166@example.com,Male,37,Jaipur,Rajasthan,North,2023-02-10
CUST_0167,Ajay,Singh,ajay.singh167@example.com,Male,62,Jaipur,Rajasthan,North,2022-11-02
CUST_0168,Rashmi,Saxena,rashmi.saxena168@example.com,Female,25,New Delhi,Delhi,North,2022-05-03
CUST_0169,Ananya,Pandey,ananya.pandey169@example.com,Female,59,Bengaluru,Karnataka,South,2023-08-15
CUST_0170,Dinesh,Singh,dinesh.singh170@example.com,Male,40,Patna,Bihar,East,2024-04-04
CUST_0171,Rashmi,Kapoor,rashmi.kapoor171@example.com,Female,49,Bhubaneswar,Odisha,East,2022-06-14
CUST_0172,Reyansh,Menon,reyansh.menon172@example.com,Male,41,Kolkata,West Bengal,East,2023-05-28
CUST_0173,Vihaan,Patel,vihaan.patel173@example.com,Male,57,Jaipur,Rajasthan,North,2022-02-12
CUST_0174,Rashmi,Malhotra,rashmi.malhotra174@example.com,Female,32,Pune,Maharashtra,West,2024-08-21
CUST_0175,Nikhil,Saini,nikhil.saini175@example.com,Male,38,Patna,Bihar,East,2023-01-07
CUST_0176,Sunil,Saini,sunil.saini176@example.com,Male,26,Bhubaneswar,Odisha,East,2024-08-20
CUST_0177,Suresh,Patil,suresh.patil177@example.com,Male,41,Hyderabad,Telangana,South,2022-08-03
CUST_0178,Aadhya,Joshi,aadhya.joshi178@example.com,Female,52,Kolkata,West Bengal,East,2023-08-14
CUST_0179,Mohan,Saxena,mohan.saxena179@example.com,Male,50,Pune,Maharashtra,West,2022-06-30
CUST_0180,Rahul,Yadav,rahul.yadav180@example.com,Male,28,Hyderabad,Telangana,South,2024-04-07
CUST_0181,Gaurav,Saxena,gaurav.saxena181@example.com,Male,55,Mumbai,Maharashtra,West,2024-08-04
CUST_0182,Kiran,Verma,kiran.verma182@example.com,Male,54,Gurugram,Haryana,North,2024-01-11
CUST_0183,Shweta,Saini,shweta.saini183@example.com,Female,24,Patna,Bihar,East,2023-02-21
CUST_0184,Rashmi,Thakur,rashmi.thakur184@example.com,Female,39,New Delhi,Delhi,North,2024-06-16
CUST_0185,Meena,Singh,meena.singh185@example.com,Female,61,Mumbai,Maharashtra,West,2023-05-06
CUST_0186,Aadhya,Nair,aadhya.nair186@example.com,Female,56,Mumbai,Maharashtra,West,2024-04-15
CUST_0187,Shaurya,Mehta,shaurya.mehta187@example.com,Male,50,Surat,Gujarat,West,2022-08-29
CUST_0188,Aanya,Bhat,aanya.bhat188@example.com,Female,53,Bengaluru,Karnataka,South,2023-07-14
CUST_0189,Rajendra,Saxena,rajendra.saxena189@example.com,Male,51,Bhubaneswar,Odisha,East,2023-05-15
CUST_0190,Rakesh,Thakur,rakesh.thakur190@example.com,Male,45,New Delhi,Delhi,North,2023-01-26
CUST_0191,Gaurav,Chatterjee,gaurav.chatterjee191@example.com,Male,25,New Delhi,Delhi,North,2023-07-20
CUST_0192,Rajendra,Joshi,rajendra.joshi192@example.com,Male,38,Guwahati,Assam,East,2022-01-06
CUST_0193,Preeti,Chatterjee,preeti.chatterjee193@example.com,Female,58,Bengaluru,Karnataka,South,2024-09-29
CUST_0194,Aanya,Deshmukh,aanya.deshmukh194@example.com,Female,43,Bhubaneswar,Odisha,East,2023-11-12
CUST_0195,Sameer,Rao,sameer.rao195@example.com,Male,41,Patna,Bihar,East,2023-01-22
CUST_0196,Sneha,Malhotra,sneha.malhotra196@example.com,Female,35,Kochi,Kerala,South,2024-04-21
CUST_0197,Reyansh,Joshi,reyansh.joshi197@example.com,Male,45,Bhubaneswar,Odisha,East,2024-03-01
CUST_0198,Aanya,Bhat,aanya.bhat198@example.com,Female,29,Pune,Maharashtra,West,2024-10-25
CUST_0199,Vijay,Bose,vijay.bose199@example.com,Male,49,Surat,Gujarat,West,2022-07-24
CUST_0200,Pranav,Pillai,pranav.pillai200@example.com,Male,21,Patna,Bihar,East,2022-10-23
CUST_0201,Kiran,Bose,kiran.bose201@example.com,Male,25,New Delhi,Delhi,North,2024-08-19
CUST_0202,Swati,Joshi,swati.joshi202@example.com,Female,62,Kochi,Kerala,South,2022-06-14
CUST_0203,Vijay,Bose,vijay.bose203@example.com,Male,41,Kochi,Kerala,South,2024-09-26
CUST_0204,Sameer,Verma,sameer.verma204@example.com,Male,36,Ahmedabad,Gujarat,West,2023-08-12
CUST_0205,Kavita,Chatterjee,kavita.chatterjee205@example.com,Female,48,Ahmedabad,Gujarat,West,2022-07-21
CUST_0206,Atharva,Deshmukh,atharva.deshmukh206@example.com,Male,40,Noida,Uttar Pradesh,North,2022-03-01
CUST_0207,Reyansh,Joshi,reyansh.joshi207@example.com,Male,39,Pune,Maharashtra,West,2024-01-05
CUST_0208,Ravi,Patil,ravi.patil208@example.com,Male,36,New Delhi,Delhi,North,2024-04-23
CUST_0209,Myra,Kumar,myra.kumar209@example.com,Female,26,Noida,Uttar Pradesh,North,2024-02-23
CUST_0210,Sneha,Bhat,sneha.bhat210@example.com,Female,35,New Delhi,Delhi,North,2024-08-02
CUST_0211,Meera,Deshmukh,meera.deshmukh211@example.com,Female,21,Lucknow,Uttar Pradesh,North,2024-08-10
CUST_0212,Preeti,Das,preeti.das212@example.com,Female,25,Noida,Uttar Pradesh,North,2024-06-23
CUST_0213,Suresh,Malhotra,suresh.malhotra213@example.com,Male,61,Bengaluru,Karnataka,South,2024-05-18
CUST_0214,Meera,Deshmukh,meera.deshmukh214@example.com,Female,33,Bengaluru,Karnataka,South,2024-02-27
CUST_0215,Rajeev,Singh,rajeev.singh215@example.com,Male,45,Jaipur,Rajasthan,North,2024-01-06
CUST_0216,Kusum,Banerjee,kusum.banerjee216@example.com,Female,22,Bengaluru,Karnataka,South,2024-03-21
CUST_0217,Sunita,Sharma,sunita.sharma217@example.com,Female,59,Pune,Maharashtra,West,2024-10-14
CUST_0218,Preeti,Mishra,preeti.mishra218@example.com,Female,59,Jaipur,Rajasthan,North,2023-12-23
CUST_0219,Priya,Saini,priya.saini219@example.com,Female,60,Gurugram,Haryana,North,2023-05-29
CUST_0220,Diya,Saini,diya.saini220@example.com,Female,61,Surat,Gujarat,West,2022-03-22
CUST_0221,Anita,Pandey,anita.pandey221@example.com,Female,23,Patna,Bihar,East,2024-01-18
CUST_0222,Pooja,Patel,pooja.patel222@example.com,Female,41,Bengaluru,Karnataka,South,2024-04-30
CUST_0223,Pari,Reddy,pari.reddy223@example.com,Female,55,New Delhi,Delhi,North,2024-01-20
CUST_0224,Pranav,Kapoor,pranav.kapoor224@example.com,Male,31,Lucknow,Uttar Pradesh,North,2023-06-11
CUST_0225,Rajeev,Pandey,rajeev.pandey225@example.com,Male,42,Bengaluru,Karnataka,South,2022-08-24
CUST_0226,Vikrant,Patel,vikrant.patel226@example.com,Male,35,New Delhi,Delhi,North,2024-03-24
CUST_0227,Arun,Patel,arun.patel227@example.com,Male,21,Kochi,Kerala,South,2023-06-26
CUST_0228,Rohit,Singh,rohit.singh228@example.com,Male,44,Patna,Bihar,East,2023-06-21
CUST_0229,Karthik,Saxena,karthik.saxena229@example.com,Male,27,Chennai,Tamil Nadu,South,2023-04-24
CUST_0230,Mahesh,Sharma,mahesh.sharma230@example.com,Male,60,Hyderabad,Telangana,South,2023-03-30
CUST_0231,Ayaan,Saini,ayaan.saini231@example.com,Male,40,Patna,Bihar,East,2024-04-16
CUST_0232,Rudra,Gupta,rudra.gupta232@example.com,Male,23,Pune,Maharashtra,West,2023-09-16
CUST_0233,Shweta,Singh,shweta.singh233@example.com,Female,36,Surat,Gujarat,West,2022-10-05
CUST_0234,Sandeep,Deshmukh,sandeep.deshmukh234@example.com,Male,55,Chennai,Tamil Nadu,South,2024-05-08
CUST_0235,Aanya,Menon,aanya.menon235@example.com,Female,62,Kolkata,West Bengal,East,2022-07-22
CUST_0236,Meena,Chauhan,meena.chauhan236@example.com,Female,38,Kolkata,West Bengal,East,2022-03-09
CUST_0237,Ravi,Reddy,ravi.reddy237@example.com,Male,49,Patna,Bihar,East,2023-04-29
CUST_0238,Arun,Singh,arun.singh238@example.com,Male,55,Chennai,Tamil Nadu,South,2024-01-05
CUST_0239,Sai,Rao,sai.rao239@example.com,Male,33,Lucknow,Uttar Pradesh,North,2022-09-08
CUST_0240,Rakesh,Patel,rakesh.patel240@example.com,Male,62,Gurugram,Haryana,North,2022-02-13
CUST_0241,Muhammad,Pandey,muhammad.pandey241@example.com,Male,36,Hyderabad,Telangana,South,2022-09-15
CUST_0242,Riya,Patel,riya.patel242@example.com,Female,58,Gurugram,Haryana,North,2023-03-19
CUST_0243,Kavita,Joshi,kavita.joshi243@example.com,Female,59,New Delhi,Delhi,North,2022-01-06
CUST_0244,Sunita,Bose,sunita.bose244@example.com,Female,29,New Delhi,Delhi,North,2023-05-29
CUST_0245,Pari,Singh,pari.singh245@example.com,Female,29,Mumbai,Maharashtra,West,2022-01-31
CUST_0246,Deepak,Pandey,deepak.pandey246@example.com,Male,58,Jaipur,Rajasthan,North,2023-10-26
CUST_0247,Aditya,Kumar,aditya.kumar247@example.com,Male,24,Lucknow,Uttar Pradesh,North,2022-09-17
CUST_0248,Rajendra,Kapoor,rajendra.kapoor248@example.com,Male,25,Surat,Gujarat,West,2024-09-02
CUST_0249,Naveen,Mishra,naveen.mishra249@example.com,Male,53,Chennai,Tamil Nadu,South,2022-08-12
CUST_0250,Naveen,Kapoor,naveen.kapoor250@example.com,Male,60,Jaipur,Rajasthan,North,2022-03-30
CUST_0251,Nikhil,Nair,nikhil.nair251@example.com,Male,62,Patna,Bihar,East,2022-03-05
CUST_0252,Sai,Bhat,sai.bhat252@example.com,Male,48,Kochi,Kerala,South,2022-08-10
CUST_0253,Meena,Banerjee,meena.banerjee253@example.com,Female,25,Patna,Bihar,East,2022-06-15
CUST_0254,Amit,Chauhan,amit.chauhan254@example.com,Male,25,New Delhi,Delhi,North,2022-09-16
CUST_0255,Sunita,Chauhan,sunita.chauhan255@example.com,Female,45,Hyderabad,Telangana,South,2023-08-27
CUST_0256,Rakesh,Kapoor,rakesh.kapoor256@example.com,Male,27,Kolkata,West Bengal,East,2022-08-23
CUST_0257,Neha,Patil,neha.patil257@example.com,Female,35,Patna,Bihar,East,2024-04-27
CUST_0258,Rajesh,Saxena,rajesh.saxena258@example.com,Male,46,Patna,Bihar,East,2024-05-01
CUST_0259,Atharva,Joshi,atharva.joshi259@example.com,Male,41,Kolkata,West Bengal,East,2023-06-07
CUST_0260,Ravi,Gupta,ravi.gupta260@example.com,Male,25,Bhubaneswar,Odisha,East,2022-07-06
CUST_0261,Ishaan,Patel,ishaan.patel261@example.com,Male,27,Kolkata,West Bengal,East,2024-02-03
CUST_0262,Pooja,Thakur,pooja.thakur262@example.com,Female,58,Pune,Maharashtra,West,2023-11-07
CUST_0263,Aryan,Patil,aryan.patil263@example.com,Male,48,Chennai,Tamil Nadu,South,2022-04-16
CUST_0264,Preeti,Chauhan,preeti.chauhan264@example.com,Female,43,Bengaluru,Karnataka,South,2022-08-01
CUST_0265,Alok,Reddy,alok.reddy265@example.com,Male,51,New Delhi,Delhi,North,2023-04-05
CUST_0266,Kabir,Iyer,kabir.iyer266@example.com,Male,28,Chennai,Tamil Nadu,South,2023-07-25
CUST_0267,Priya,Pandey,priya.pandey267@example.com,Female,56,Kolkata,West Bengal,East,2022-02-23
CUST_0268,Rashmi,Sharma,rashmi.sharma268@example.com,Female,38,Noida,Uttar Pradesh,North,2023-09-25
CUST_0269,Rajesh,Iyer,rajesh.iyer269@example.com,Male,32,Mumbai,Maharashtra,West,2022-10-21
CUST_0270,Mohan,Patel,mohan.patel270@example.com,Male,61,New Delhi,Delhi,North,2022-03-04
CUST_0271,Shaurya,Chatterjee,shaurya.chatterjee271@example.com,Male,34,Guwahati,Assam,East,2024-02-10
CUST_0272,Rajendra,Deshmukh,rajendra.deshmukh272@example.com,Male,31,Hyderabad,Telangana,South,2024-01-28
CUST_0273,Anita,Chatterjee,anita.chatterjee273@example.com,Female,57,Hyderabad,Telangana,South,2022-06-23
CUST_0274,Muhammad,Gupta,muhammad.gupta274@example.com,Male,60,Noida,Uttar Pradesh,North,2022-04-12
CUST_0275,Ishaan,Yadav,ishaan.yadav275@example.com,Male,48,Patna,Bihar,East,2024-09-21
CUST_0276,Dinesh,Patil,dinesh.patil276@example.com,Male,34,Lucknow,Uttar Pradesh,North,2022-08-22
CUST_0277,Suresh,Patil,suresh.patil277@example.com,Male,39,Surat,Gujarat,West,2024-09-23
CUST_0278,Pranav,Das,pranav.das278@example.com,Male,23,Bengaluru,Karnataka,South,2023-03-28
CUST_0279,Vikram,Chauhan,vikram.chauhan279@example.com,Male,21,Pune,Maharashtra,West,2023-02-23
CUST_0280,Deepa,Reddy,deepa.reddy280@example.com,Female,37,New Delhi,Delhi,North,2023-08-16
CUST_0281,Amit,Singh,amit.singh281@example.com,Male,52,Mumbai,Maharashtra,West,2024-05-31
CUST_0282,Pari,Gupta,pari.gupta282@example.com,Female,55,Kochi,Kerala,South,2023-04-17
CUST_0283,Alok,Thakur,alok.thakur283@example.com,Male,25,Chennai,Tamil Nadu,South,2024-03-24
CUST_0284,Reyansh,Patil,reyansh.patil284@example.com,Male,50,Mumbai,Maharashtra,West,2022-06-09
CUST_0285,Rahul,Malhotra,rahul.malhotra285@example.com,Male,57,Kolkata,West Bengal,East,2024-04-08
CUST_0286,Rajendra,Nair,rajendra.nair286@example.com,Male,46,Surat,Gujarat,West,2022-02-12
CUST_0287,Amit,Kumar,amit.kumar287@example.com,Male,44,Patna,Bihar,East,2022-06-30
CUST_0288,Sunil,Bose,sunil.bose288@example.com,Male,36,Surat,Gujarat,West,2024-06-11
CUST_0289,Mohan,Kapoor,mohan.kapoor289@example.com,Male,46,Ahmedabad,Gujarat,West,2023-09-28
CUST_0290,Rajesh,Mehta,rajesh.mehta290@example.com,Male,31,Hyderabad,Telangana,South,2022-06-06
CUST_0291,Gaurav,Saini,gaurav.saini291@example.com,Male,54,Surat,Gujarat,West,2023-02-02
CUST_0292,Suresh,Iyer,suresh.iyer292@example.com,Male,36,New Delhi,Delhi,North,2022-07-30
CUST_0293,Saanvi,Yadav,saanvi.yadav293@example.com,Female,32,Gurugram,Haryana,North,2022-11-10
CUST_0294,Krishna,Kumar,krishna.kumar294@example.com,Male,50,Bhubaneswar,Odisha,East,2024-07-08
CUST_0295,Amit,Bose,amit.bose295@example.com,Male,30,Hyderabad,Telangana,South,2024-06-19
CUST_0296,Ayaan,Bhat,ayaan.bhat296@example.com,Male,61,Patna,Bihar,East,2023-09-13
CUST_0297,Sunita,Malhotra,sunita.malhotra297@example.com,Female,43,Pune,Maharashtra,West,2022-06-01
CUST_0298,Anita,Deshmukh,anita.deshmukh298@example.com,Female,23,Patna,Bihar,East,2022-04-27
CUST_0299,Ravi,Saxena,ravi.saxena299@example.com,Male,25,Bengaluru,Karnataka,South,2022-07-04
CUST_0300,Alok,Rao,alok.rao300@example.com,Male,58,Patna,Bihar,East,2022-03-26
CUST_0301,Naveen,Pillai,naveen.pillai301@example.com,Male,41,Gurugram,Haryana,North,2024-09-01
CUST_0302,Alok,Gupta,alok.gupta302@example.com,Male,49,Pune,Maharashtra,West,2022-07-31
CUST_0303,Rajesh,Banerjee,rajesh.banerjee303@example.com,Male,53,Ahmedabad,Gujarat,West,2022-12-20
CUST_0304,Reyansh,Mehta,reyansh.mehta304@example.com,Male,49,Patna,Bihar,East,2022-11-22
CUST_0305,Arun,Iyer,arun.iyer305@example.com,Male,45,Bengaluru,Karnataka,South,2024-04-17
CUST_0306,Rajesh,Das,rajesh.das306@example.com,Male,61,Pune,Maharashtra,West,2023-11-17
CUST_0307,Ayaan,Joshi,ayaan.joshi307@example.com,Male,56,Surat,Gujarat,West,2024-03-02
CUST_0308,Preeti,Yadav,preeti.yadav308@example.com,Female,42,New Delhi,Delhi,North,2022-06-16
CUST_0309,Saanvi,Pillai,saanvi.pillai309@example.com,Female,40,Chennai,Tamil Nadu,South,2024-03-13
CUST_0310,Pooja,Chauhan,pooja.chauhan310@example.com,Female,40,Ahmedabad,Gujarat,West,2024-02-11
CUST_0311,Vijay,Saxena,vijay.saxena311@example.com,Male,54,New Delhi,Delhi,North,2022-07-11
CUST_0312,Ajay,Kapoor,ajay.kapoor312@example.com,Male,22,Chennai,Tamil Nadu,South,2024-01-13
CUST_0313,Anita,Kumar,anita.kumar313@example.com,Female,42,Gurugram,Haryana,North,2024-09-22
CUST_0314,Sara,Mehta,sara.mehta314@example.com,Female,30,New Delhi,Delhi,North,2022-06-08
CUST_0315,Kusum,Bose,kusum.bose315@example.com,Female,53,Surat,Gujarat,West,2022-03-19
CUST_0316,Rajesh,Menon,rajesh.menon316@example.com,Male,59,New Delhi,Delhi,North,2024-02-11
CUST_0317,Aanya,Kumar,aanya.kumar317@example.com,Female,60,Noida,Uttar Pradesh,North,2022-12-06
CUST_0318,Dinesh,Verma,dinesh.verma318@example.com,Male,44,Kolkata,West Bengal,East,2023-05-02
CUST_0319,Dinesh,Chauhan,dinesh.chauhan319@example.com,Male,49,Bengaluru,Karnataka,South,2023-04-25
CUST_0320,Rohit,Mehta,rohit.mehta320@example.com,Male,51,Bengaluru,Karnataka,South,2023-02-02
CUST_0321,Ravi,Das,ravi.das321@example.com,Male,50,Patna,Bihar,East,2023-08-01
CUST_0322,Karthik,Kapoor,karthik.kapoor322@example.com,Male,47,Guwahati,Assam,East,2022-11-28
CUST_0323,Anika,Pandey,anika.pandey323@example.com,Female,37,New Delhi,Delhi,North,2022-04-17
CUST_0324,Rajeev,Bose,rajeev.bose324@example.com,Male,56,Chennai,Tamil Nadu,South,2022-07-30
CUST_0325,Nikhil,Bose,nikhil.bose325@example.com,Male,39,Surat,Gujarat,West,2022-06-21
CUST_0326,Aadhya,Yadav,aadhya.yadav326@example.com,Female,53,Patna,Bihar,East,2022-10-29
CUST_0327,Sunil,Patel,sunil.patel327@example.com,Male,49,Jaipur,Rajasthan,North,2023-12-17
CUST_0328,Vihaan,Patil,vihaan.patil328@example.com,Male,46,Pune,Maharashtra,West,2024-10-25
CUST_0329,Ravi,Mehta,ravi.mehta329@example.com,Male,26,Kochi,Kerala,South,2024-02-07
CUST_0330,Priya,Sharma,priya.sharma330@example.com,Female,27,Hyderabad,Telangana,South,2023-11-18
CUST_0331,Saanvi,Gupta,saanvi.gupta331@example.com,Female,39,Pune,Maharashtra,West,2024-08-25
CUST_0332,Diya,Mishra,diya.mishra332@example.com,Female,49,Bhubaneswar,Odisha,East,2022-01-11
CUST_0333,Ishaan,Sharma,ishaan.sharma333@example.com,Male,34,Lucknow,Uttar Pradesh,North,2022-11-03
CUST_0334,Pranav,Patil,pranav.patil334@example.com,Male,39,Surat,Gujarat,West,2023-05-02
CUST_0335,Deepa,Singh,deepa.singh335@example.com,Female,36,Pune,Maharashtra,West,2024-05-09
CUST_0336,Rakesh,Patel,rakesh.patel336@example.com,Male,52,Surat,Gujarat,West,2022-02-03
CUST_0337,Gaurav,Malhotra,gaurav.malhotra337@example.com,Male,30,Jaipur,Rajasthan,North,2023-08-20
CUST_0338,Ajay,Sharma,ajay.sharma338@example.com,Male,36,Chennai,Tamil Nadu,South,2024-05-03
CUST_0339,Myra,Das,myra.das339@example.com,Female,54,Ahmedabad,Gujarat,West,2024-01-09
CUST_0340,Ayaan,Kapoor,ayaan.kapoor340@example.com,Male,53,Guwahati,Assam,East,2022-02-11
CUST_0341,Sandeep,Bose,sandeep.bose341@example.com,Male,23,Bhubaneswar,Odisha,East,2024-03-03
CUST_0342,Ravi,Yadav,ravi.yadav342@example.com,Male,43,Mumbai,Maharashtra,West,2022-05-19
CUST_0343,Suresh,Mehta,suresh.mehta343@example.com,Male,58,Surat,Gujarat,West,2023-11-12
CUST_0344,Diya,Verma,diya.verma344@example.com,Female,55,Chennai,Tamil Nadu,South,2023-11-25
CUST_0345,Pari,Saxena,pari.saxena345@example.com,Female,51,Patna,Bihar,East,2023-01-09
CUST_0346,Diya,Patel,diya.patel346@example.com,Female,23,Patna,Bihar,East,2023-08-24
CUST_0347,Anika,Verma,anika.verma347@example.com,Female,23,Gurugram,Haryana,North,2023-10-09
CUST_0348,Anita,Kapoor,anita.kapoor348@example.com,Female,55,Kochi,Kerala,South,2024-08-27
CUST_0349,Meera,Verma,meera.verma349@example.com,Female,39,Gurugram,Haryana,North,2024-01-02
CUST_0350,Muhammad,Bose,muhammad.bose350@example.com,Male,38,Hyderabad,Telangana,South,2022-09-12
